{
  "problem_id": 2,
  "prover_name": "expander-keccak",
  "proof_system": "Expander",
  "algorithm": "GKR",
  "setup_time": 0.00007557989822387695,
  "witness_generation_time": 0.00000968284994506836,
  "proof_generation_time": 0.00015615240383911133,
  "verify_time": 0.0010761865379486084,
  "peak_memory": 29.6011962890625,
  "proof_size": 8035.004150390625,
  "status": true,
  "error_msg": "",
  "max_cpu": 16,
  "n": 32768,
  "verifier_num_repeats": 2
}