{
  "problem_id": 2,
  "prover_name": "expander-keccak",
  "proof_system": "Expander",
  "algorithm": "GKR",
  "setup_time": 0.000021386490425109863,
  "witness_generation_time": 0.000010122482460021973,
  "proof_generation_time": 0.00005982199728393555,
  "verify_time": 0.0010762758636779785,
  "peak_memory": 26.343719482421875,
  "proof_size": 8035.003967285156,
  "status": true,
  "error_msg": "",
  "max_cpu": 64,
  "n": 131072,
  "verifier_num_repeats": 2
}