{
  "problem_id": 2,
  "prover_name": "Halo2 Keccak Prover",
  "proof_system": "Halo2",
  "algorithm": "Plonk",
  "setup_time": 0.000005524889705882353,
  "witness_generation_time": 0.06385833254411766,
  "proof_generation_time": 1.7882560085735293,
  "verify_time": 0.00042916407197058823,
  "peak_memory": 109207.5294117647,
  "proof_size": 315.05882352941177,
  "status": true,
  "error_msg": "",
  "max_cpu": 16,
  "n": 136,
  "verifier_num_repeats": 1000
}