{
  "problem_id": 2,
  "prover_name": "Halo2 Keccak Prover",
  "proof_system": "Halo2",
  "algorithm": "Plonk",
  "setup_time": 0.000008988382352941178,
  "witness_generation_time": 0.09638148309558824,
  "proof_generation_time": 1.5869002445808824,
  "verify_time": 0.0006225620786470588,
  "peak_memory": 110055.73529411765,
  "proof_size": 315.05882352941177,
  "status": true,
  "error_msg": "",
  "max_cpu": 64,
  "n": 136,
  "verifier_num_repeats": 1000
}