{
  "problem_id": 2,
  "prover_name": "Halo2 Keccak Prover",
  "proof_system": "Halo2",
  "algorithm": "Plonk",
  "setup_time": 0.000006319661764705883,
  "witness_generation_time": 2.2720622506911763,
  "proof_generation_time": 4.0121321671323535,
  "verify_time": 0.00043829150546323534,
  "peak_memory": 110157.94117647059,
  "proof_size": 315.05882352941177,
  "status": true,
  "error_msg": "",
  "max_cpu": 16,
  "n": 136,
  "verifier_num_repeats": 1000
}