{
  "problem_id": 2,
  "prover_name": "Halo2 Keccak Prover",
  "proof_system": "Halo2",
  "algorithm": "Plonk",
  "setup_time": 0.000009501323529411765,
  "witness_generation_time": 1.9531891422867649,
  "proof_generation_time": 3.2381019469632353,
  "verify_time": 0.0006233417359191177,
  "peak_memory": 110579.5294117647,
  "proof_size": 315.05882352941177,
  "status": true,
  "error_msg": "",
  "max_cpu": 64,
  "n": 136,
  "verifier_num_repeats": 1000
}