{
  "problem_id": 2,
  "prover_name": "Halo2 Keccak Prover",
  "proof_system": "Halo2",
  "algorithm": "Plonk",
  "setup_time": 0.000010184779411764707,
  "witness_generation_time": 0.09615012596323529,
  "proof_generation_time": 1.5940552266544117,
  "verify_time": 0.0006223178330808823,
  "peak_memory": 110059.91176470589,
  "proof_size": 315.05882352941177,
  "status": true,
  "error_msg": "",
  "max_cpu": 64,
  "n": 136,
  "verifier_num_repeats": 1000
}