{
  "problem_id": 2,
  "prover_name": "Halo2 Keccak Prover",
  "proof_system": "Plonk",
  "algorithm": "Keccak",
  "setup_time": 0.000005163470588235294,
  "witness_generation_time": 0.06352240377941176,
  "proof_generation_time": 1.7795360181323527,
  "verify_time": 0.00042405982231617643,
  "peak_memory": 108995.79411764706,
  "proof_size": 315.05882352941177,
  "status": true,
  "error_msg": "",
  "max_cpu": 16,
  "n": 136,
  "verifier_num_repeats": 1000
}