{
  "problem_id": 2,
  "prover_name": "pcbin-plonky3-keccak",
  "proof_system": "Plonky3",
  "algorithm": "STARK",
  "setup_time": 0.0000014045054945054945,
  "witness_generation_time": 0.0000011907765567765568,
  "proof_generation_time": 0.00635320029010989,
  "verify_time": 0.00016288449855238096,
  "peak_memory": 7.384615384615385,
  "proof_size": 1396.3252747252748,
  "status": true,
  "error_msg": "",
  "max_cpu": 64,
  "n": 1365,
  "verifier_num_repeats": 1000
}