{
  "problem_id": 2,
  "prover_name": "pcbin-plonky3-keccak",
  "proof_system": "Plonky3",
  "algorithm": "STARK",
  "setup_time": 0.000001344021978021978,
  "witness_generation_time": 0.0000011825714285714286,
  "proof_generation_time": 0.0007321149413919414,
  "verify_time": 0.00016644376842490843,
  "peak_memory": 6.329670329670329,
  "proof_size": 1396.1934065934065,
  "status": true,
  "error_msg": "",
  "max_cpu": 64,
  "n": 1365,
  "verifier_num_repeats": 10
}