{
  "problem_id": 2,
  "prover_name": "pcbin-plonky3-keccak",
  "proof_system": "Plonky3",
  "algorithm": "STARK",
  "setup_time": 0.0000013204901098901098,
  "witness_generation_time": 0.000001191142857142857,
  "proof_generation_time": 0.0007319292490842491,
  "verify_time": 0.00016478290036630038,
  "peak_memory": 728.7120879120879,
  "proof_size": 1396.181684981685,
  "status": true,
  "error_msg": "",
  "max_cpu": 64,
  "n": 1365,
  "verifier_num_repeats": 10
}