{
  "problem_id": 2,
  "prover_name": "pcbin-plonky3-keccak",
  "proof_system": "Plonky3",
  "algorithm": "STARK",
  "setup_time": 0.0000013549450549450549,
  "witness_generation_time": 0.000001292095238095238,
  "proof_generation_time": 0.006351212816117216,
  "verify_time": 0.00016262906868131868,
  "peak_memory": 6.857142857142857,
  "proof_size": 1396.2564102564102,
  "status": true,
  "error_msg": "",
  "max_cpu": 64,
  "n": 1365,
  "verifier_num_repeats": 1000
}