{
  "problem_id": 3,
  "prover_name": "Plonky3 Poseidon-m31 Prover",
  "proof_system": "Plony3",
  "algorithm": "Plonk",
  "setup_time": 1.7640228271484374e-8,
  "witness_generation_time": 6.457001800537109e-7,
  "proof_generation_time": 0.00007637938223266602,
  "verify_time": 5.839546662750244e-7,
  "peak_memory": 1.98358154296875,
  "proof_size": 10.10736083984375,
  "status": true,
  "error_msg": "",
  "max_cpu": 64,
  "n": 65536,
  "verifier_num_repeats": 1000
}