{
  "problem_id": 4,
  "prover_name": "Plonky3 Poseidon-m31 Prover",
  "proof_system": "Plony3",
  "algorithm": "Plonk",
  "setup_time": 1.096782684326172e-9,
  "witness_generation_time": 3.0583113551139833e-7,
  "proof_generation_time": 0.0000010854425177574158,
  "verify_time": 5.006471963739395e-7,
  "peak_memory": 2.3606319427490234,
  "proof_size": 10.107362747192383,
  "status": true,
  "error_msg": "",
  "max_cpu": 64,
  "n": 4194304,
  "verifier_num_repeats": 100
}