{
  "problem_id": 3,
  "prover_name": "Plonky3 Poseidon-m31 Prover",
  "proof_system": "Plony3",
  "algorithm": "Plonk",
  "setup_time": 1.7641143798828125e-8,
  "witness_generation_time": 6.173786315917968e-7,
  "proof_generation_time": 0.00007638046310424805,
  "verify_time": 5.848191410217286e-7,
  "peak_memory": 2.0155029296875,
  "proof_size": 10.10736083984375,
  "status": true,
  "error_msg": "",
  "max_cpu": 64,
  "n": 65536,
  "verifier_num_repeats": 1000
}