{
  "problem_id": 4,
  "prover_name": "Plonky3 Poseidon-m31 Prover",
  "proof_system": "Plony3",
  "algorithm": "Plonk",
  "setup_time": 1.786651611328125e-8,
  "witness_generation_time": 6.461744232177735e-7,
  "proof_generation_time": 0.00007690344073486328,
  "verify_time": 5.860943034057617e-7,
  "peak_memory": 2.0146484375,
  "proof_size": 10.10736083984375,
  "status": true,
  "error_msg": "",
  "max_cpu": 64,
  "n": 65536,
  "verifier_num_repeats": 1000
}
