{
  "problem_id": 3,
  "prover_name": "STWO Poseidon-m31 Prover",
  "proof_system": "STWO",
  "algorithm": "STARK",
  "setup_time": 0.000001076103515625,
  "witness_generation_time": 6.06337890625e-7,
  "proof_generation_time": 0.0009767182373046875,
  "verify_time": 0.000014128583688476563,
  "peak_memory": 6.296875,
  "proof_size": 540.02734375,
  "status": true,
  "error_msg": "",
  "max_cpu": 1,
  "n": 1024,
  "verifier_num_repeats": 1000
}