{
  "problem_id": 3,
  "prover_name": "STWO Poseidon-m31 Prover",
  "proof_system": "STWO",
  "algorithm": "STARK",
  "setup_time": 0.000001121064453125,
  "witness_generation_time": 5.65751953125e-7,
  "proof_generation_time": 0.000976564537109375,
  "verify_time": 0.000014167439954101562,
  "peak_memory": 0,
  "proof_size": 540.02734375,
  "status": true,
  "error_msg": "",
  "max_cpu": 1,
  "n": 1024,
  "verifier_num_repeats": 1000
}