{
  "problem_id": 4,
  "prover_name": "STWO Poseidon-m31 Prover",
  "proof_system": "STWO",
  "algorithm": "STARK",
  "setup_time": 1.387774658203125e-7,
  "witness_generation_time": 3.0918206787109377e-7,
  "proof_generation_time": 0.00006095085479736328,
  "verify_time": 0.000014219030117797852,
  "peak_memory": 5.7685546875,
  "proof_size": 540.02783203125,
  "status": true,
  "error_msg": "",
  "max_cpu": 16,
  "n": 16384,
  "verifier_num_repeats": 100
}