{
  "problem_id": 4,
  "prover_name": "STWO Poseidon-m31 Prover",
  "proof_system": "STWO",
  "algorithm": "STARK",
  "setup_time": 4.926848411560058e-10,
  "witness_generation_time": 3.1604784274101257e-7,
  "proof_generation_time": 0.0000011600915472507476,
  "verify_time": 8.234161043405532e-8,
  "peak_memory": 4.597047805786133,
  "proof_size": 3.344095230102539,
  "status": true,
  "error_msg": "",
  "max_cpu": 16,
  "n": 4194304,
  "verifier_num_repeats": 100
}