{
  "problem_id": 1,
  "prover_name": "Halo2 Xor Prover",
  "proof_system": "Halo2",
  "algorithm": "Plonk",
  "setup_time": 1.0879659309460573e-7,
  "witness_generation_time": 0.000299075238758128,
  "proof_generation_time": 0.00033038638025460206,
  "verify_time": 0.000001106354132521293,
  "peak_memory": 1.7096803736605917,
  "proof_size": 0.046890740910339776,
  "status": true,
  "error_msg": "",
  "max_cpu": 16,
  "n": 10919,
  "verifier_num_repeats": 1000
}