{
  "problem_id": 1,
  "prover_name": "Halo2 Xor Prover",
  "proof_system": "Halo2",
  "algorithm": "Plonk",
  "setup_time": 7.054748603351956e-8,
  "witness_generation_time": 0.00015377528702262112,
  "proof_generation_time": 0.0001766483324480264,
  "verify_time": 7.692205947431083e-7,
  "peak_memory": 0.7213114754098361,
  "proof_size": 0.046890740910339776,
  "status": true,
  "error_msg": "",
  "max_cpu": 16,
  "n": 10919,
  "verifier_num_repeats": 1000
}