{
  "problem_id": 2,
  "prover_name": "Halo2 Keccak Prover",
  "proof_system": "Halo2",
  "algorithm": "Keccak",
  "setup_time": 0.000005691823529411765,
  "witness_generation_time": 0.000001614470588235294,
  "proof_generation_time": 0.0000021495073529411763,
  "verify_time": 0.0000030617205882352943,
  "peak_memory": 0,
  "proof_size": 315.05882352941177,
  "status": true,
  "error_msg": "",
  "max_cpu": 16,
  "n": 136
}