{
  "problem_id": 3,
  "prover_name": "expander-sha256",
  "proof_system": "Expander",
  "algorithm": "GKR",
  "setup_time": 0.00004186103564453125,
  "witness_generation_time": 0.000006062682983398438,
  "proof_generation_time": 0.001108155949798584,
  "verify_time": 0.013370989537200928,
  "peak_memory": 417.1358642578125,
  "proof_size": 191311.00415039062,
  "status": true,
  "error_msg": "",
  "max_cpu": 16,
  "n": 32768,
  "verifier_num_repeats": 2
}